1,ninh,Thua,2025-09-25 11:20:55
ninh,1,Thắng,2025-09-25 11:20:55
ninh,1,Thắng,2025-09-25 11:35:09
1,ninh,Thua,2025-09-25 11:35:09
1,ninh,Thắng,2025-09-25 11:42:56
ninh,1,Thua,2025-09-25 11:42:56
1,ninh,Thắng,2025-09-25 11:43:03
ninh,1,Thua,2025-09-25 11:43:03
1,ninh,Thắng,2025-09-25 14:30:14
ninh,1,Thua,2025-09-25 14:30:14
ninh,1,Thắng,2025-09-25 14:51:07
1,ninh,Thua,2025-09-25 14:51:07
ninh,1,Thua,2025-09-25 14:51:11
1,ninh,Thắng,2025-09-25 14:51:11
1,ninh,Thua,2025-09-25 15:10:26
ninh,1,Thắng,2025-09-25 15:10:26
ningg,1,Thắng,2025-09-25 16:09:28
1,ningg,Thua,2025-09-25 16:09:28
1,ningg,Hòa,2025-09-25 16:41:28
ningg,1,Hòa,2025-09-25 16:41:28
ningg,1,Thắng,2025-09-27 00:44:44
1,ningg,Thua,2025-09-27 00:44:44
ningg,1,Thua,2025-09-27 00:57:58
1,ningg,Thắng,2025-09-27 00:57:58
2,1,Thua,2025-09-27 01:23:02
1,2,Thắng,2025-09-27 01:23:02
